destination_id,year,rows
10,1990,0
10,1991,0
10,1992,0
10,1993,0
10,1994,0
10,1995,0
10,1996,0
10,1997,0
10,1998,5020
10,1999,3481
10,2000,15997
10,2001,16287
10,2002,15361
10,2003,15486
10,2004,15998
10,2005,16269
10,2006,15794
10,2007,15971
10,2008,16080
10,2009,14360
10,2010,14235
10,2011,14691
10,2012,15828
10,2013,16373
10,2014,16474
10,2015,16789
10,2016,16919
10,2017,16748
10,2018,17126
10,2019,15770
10,2020,13232
10,2021,16597
10,2022,16509
10,2023,16555
10,2024,17107
10,2025,15956
10,2026,9249
20,1990,0
20,1991,0
20,1992,0
20,1993,0
20,1994,0
20,1995,0
20,1996,0
20,1997,0
20,1998,3108
20,1999,3379
20,2000,17077
20,2001,15010
20,2002,13956
20,2003,13576
20,2004,14030
20,2005,13954
20,2006,13802
20,2007,13473
20,2008,13589
20,2009,12452
20,2010,11655
20,2011,12336
20,2012,13391
20,2013,13446
20,2014,13165
20,2015,13523
20,2016,13554
20,2017,13550
20,2018,13608
20,2019,13608
20,2020,9985
20,2021,13596
20,2022,13122
20,2023,13211
20,2024,12916
20,2025,12597
20,2026,7540
33,1990,0
33,1991,0
33,1992,0
33,1993,0
33,1994,0
33,1995,0
33,1996,0
33,1997,0
33,1998,0
33,1999,0
33,2000,0
33,2001,0
33,2002,6548
33,2003,21250
33,2004,24406
33,2005,21465
33,2006,18994
33,2007,18764
33,2008,13549
33,2009,11648
33,2010,11628
33,2011,13788
33,2012,15636
33,2013,16255
33,2014,16466
33,2015,16121
33,2016,17544
33,2017,17340
33,2018,17437
33,2019,17629
33,2020,13044
33,2021,16955
33,2022,17684
33,2023,18809
33,2024,19720
33,2025,19109
33,2026,11058
40,1990,0
40,1991,0
40,1992,0
40,1993,0
40,1994,0
40,1995,0
40,1996,0
40,1997,0
40,1998,2711
40,1999,2563
40,2000,10755
40,2001,12474
40,2002,12650
40,2003,12395
40,2004,11722
40,2005,10731
40,2006,12258
40,2007,12003
40,2008,12113
40,2009,11566
40,2010,11497
40,2011,11960
40,2012,13040
40,2013,13293
40,2014,13214
40,2015,12865
40,2016,13350
40,2017,13504
40,2018,13606
40,2019,13065
40,2020,10368
40,2021,13608
40,2022,13554
40,2023,13446
40,2024,13563
40,2025,13695
40,2026,8030
50,1990,0
50,1991,0
50,1992,0
50,1993,0
50,1994,0
50,1995,0
50,1996,0
50,1997,0
50,1998,3309
50,1999,3209
50,2000,15039
50,2001,16066
50,2002,16556
50,2003,16370
50,2004,16343
50,2005,16890
50,2006,16258
50,2007,15817
50,2008,15798
50,2009,14859
50,2010,14213
50,2011,14529
50,2012,14640
50,2013,15364
50,2014,15325
50,2015,15203
50,2016,15224
50,2017,14608
50,2018,14387
50,2019,15000
50,2020,10683
50,2021,14651
50,2022,14679
50,2023,14403
50,2024,14270
50,2025,14580
50,2026,8516
61,1990,0
61,1991,0
61,1992,0
61,1993,0
61,1994,0
61,1995,0
61,1996,0
61,1997,0
61,1998,0
61,1999,0
61,2000,0
61,2001,0
61,2002,0
61,2003,6254
61,2004,6086
61,2005,6068
61,2006,6788
61,2007,6764
61,2008,6709
61,2009,6606
61,2010,6181
61,2011,6521
61,2012,6900
61,2013,7058
61,2014,7113
61,2015,7288
61,2016,7325
61,2017,7310
61,2018,7423
61,2019,7309
61,2020,5510
61,2021,7278
61,2022,7125
61,2023,7027
61,2024,7070
61,2025,7000
61,2026,4144
63,1990,0
63,1991,0
63,1992,0
63,1993,0
63,1994,0
63,1995,0
63,1996,0
63,1997,0
63,1998,0
63,1999,0
63,2000,0
63,2001,0
63,2002,0
63,2003,1784
63,2004,8347
63,2005,8313
63,2006,7429
63,2007,7709
63,2008,7628
63,2009,7486
63,2010,7105
63,2011,7519
63,2012,7901
63,2013,8048
63,2014,7923
63,2015,7980
63,2016,7884
63,2017,7802
63,2018,7781
63,2019,7783
63,2020,5605
63,2021,7809
63,2022,7800
63,2023,7615
63,2024,7115
63,2025,7052
63,2026,4221
70,1990,0
70,1991,0
70,1992,0
70,1993,0
70,1994,0
70,1995,0
70,1996,0
70,1997,0
70,1998,2683
70,1999,2949
70,2000,12553
70,2001,11962
70,2002,10893
70,2003,6961
70,2004,10091
70,2005,11867
70,2006,11593
70,2007,11936
70,2008,11819
70,2009,11249
70,2010,11082
70,2011,11480
70,2012,12221
70,2013,11862
70,2014,11679
70,2015,11914
70,2016,12610
70,2017,12454
70,2018,12611
70,2019,12618
70,2020,9503
70,2021,11409
70,2022,11182
70,2023,11158
70,2024,10933
70,2025,11007
70,2026,6417
71,1990,0
71,1991,0
71,1992,0
71,1993,0
71,1994,0
71,1995,0
71,1996,0
71,1997,0
71,1998,0
71,1999,0
71,2000,0
71,2001,0
71,2002,0
71,2003,0
71,2004,0
71,2005,0
71,2006,0
71,2007,0
71,2008,0
71,2009,0
71,2010,0
71,2011,0
71,2012,0
71,2013,0
71,2014,0
71,2015,0
71,2016,0
71,2017,0
71,2018,0
71,2019,0
71,2020,0
71,2021,0
71,2022,0
71,2023,0
71,2024,0
71,2025,0
71,2026,0
80,1990,0
80,1991,0
80,1992,0
80,1993,0
80,1994,0
80,1995,0
80,1996,0
80,1997,0
80,1998,2221
80,1999,2291
80,2000,4044
80,2001,4022
80,2002,4161
80,2003,4034
80,2004,4115
80,2005,4704
80,2006,4557
80,2007,4527
80,2008,4833
80,2009,4579
80,2010,4526
80,2011,4668
80,2012,4824
80,2013,5197
80,2014,5141
80,2015,5123
80,2016,4983
80,2017,5022
80,2018,4863
80,2019,4986
80,2020,2961
80,2021,4705
80,2022,4839
80,2023,4794
80,2024,4841
80,2025,4885
80,2026,2867
100,1990,0
100,1991,0
100,1992,0
100,1993,0
100,1994,0
100,1995,0
100,1996,0
100,1997,0
100,1998,3630
100,1999,3548
100,2000,16563
100,2001,16300
100,2002,15832
100,2003,16170
100,2004,16784
100,2005,16564
100,2006,16643
100,2007,17839
100,2008,17607
100,2009,17005
100,2010,15835
100,2011,16829
100,2012,17730
100,2013,18104
100,2014,17914
100,2015,17911
100,2016,18337
100,2017,18460
100,2018,18666
100,2019,18615
100,2020,15347
100,2021,16868
100,2022,19727
100,2023,19232
100,2024,18964
100,2025,18535
100,2026,10950
101,1990,0
101,1991,0
101,1992,0
101,1993,0
101,1994,0
101,1995,0
101,1996,0
101,1997,0
101,1998,3134
101,1999,3241
101,2000,14273
101,2001,15205
101,2002,14894
101,2003,14317
101,2004,15174
101,2005,14970
101,2006,15123
101,2007,14513
101,2008,13277
101,2009,12510
101,2010,12068
101,2011,12559
101,2012,12616
101,2013,13473
101,2014,13164
101,2015,14808
101,2016,14524
101,2017,14586
101,2018,13568
101,2019,14624
101,2020,10740
101,2021,14458
101,2022,14307
101,2023,13729
101,2024,13623
101,2025,13737
101,2026,8322
102,1990,0
102,1991,0
102,1992,0
102,1993,0
102,1994,0
102,1995,0
102,1996,0
102,1997,0
102,1998,0
102,1999,0
102,2000,6763
102,2001,16439
102,2002,18300
102,2003,20269
102,2004,21987
102,2005,22804
102,2006,22159
102,2007,23148
102,2008,24769
102,2009,24158
102,2010,22180
102,2011,23047
102,2012,25749
102,2013,26920
102,2014,26297
102,2015,27979
102,2016,26784
102,2017,28757
102,2018,27758
102,2019,27787
102,2020,8583
102,2021,4062
102,2022,574
102,2023,0
102,2024,0
102,2025,0
102,2026,0
110,1990,0
110,1991,0
110,1992,0
110,1993,0
110,1994,0
110,1995,0
110,1996,0
110,1997,0
110,1998,3809
110,1999,3664
110,2000,14540
110,2001,14051
110,2002,13816
110,2003,12945
110,2004,15038
110,2005,15117
110,2006,14721
110,2007,13751
110,2008,12758
110,2009,11809
110,2010,10927
110,2011,12005
110,2012,12849
110,2013,13084
110,2014,13052
110,2015,12990
110,2016,13024
110,2017,8067
110,2018,12037
110,2019,8957
110,2020,9036
110,2021,10436
110,2022,12628
110,2023,13820
110,2024,13817
110,2025,13768
110,2026,7950
111,1990,0
111,1991,0
111,1992,0
111,1993,0
111,1994,0
111,1995,0
111,1996,0
111,1997,0
111,1998,3459
111,1999,3542
111,2000,15141
111,2001,14240
111,2002,12344
111,2003,10518
111,2004,12563
111,2005,12334
111,2006,12047
111,2007,11497
111,2008,11267
111,2009,10798
111,2010,8953
111,2011,10662
111,2012,12404
111,2013,13084
111,2014,12913
111,2015,12992
111,2016,13104
111,2017,4264
111,2018,0
111,2019,0
111,2020,0
111,2021,0
111,2022,0
111,2023,0
111,2024,0
111,2025,0
111,2026,0
112,1990,0
112,1991,0
112,1992,0
112,1993,0
112,1994,0
112,1995,0
112,1996,0
112,1997,0
112,1998,0
112,1999,0
112,2000,0
112,2001,0
112,2002,0
112,2003,0
112,2004,0
112,2005,0
112,2006,0
112,2007,1628
112,2008,11322
112,2009,10430
112,2010,11265
112,2011,14351
112,2012,16123
112,2013,16018
112,2014,15775
112,2015,15374
112,2016,15243
112,2017,5055
112,2018,0
112,2019,0
112,2020,0
112,2021,0
112,2022,0
112,2023,0
112,2024,0
112,2025,0
112,2026,0
121,1990,0
121,1991,0
121,1992,0
121,1993,0
121,1994,0
121,1995,0
121,1996,0
121,1997,0
121,1998,0
121,1999,0
121,2000,4973
121,2001,8335
121,2002,6731
121,2003,7173
121,2004,7376
121,2005,7510
121,2006,7705
121,2007,7838
121,2008,7825
121,2009,7603
121,2010,7164
121,2011,8342
121,2012,9535
121,2013,10436
121,2014,9759
121,2015,10156
121,2016,10522
121,2017,10637
121,2018,11108
121,2019,12331
121,2020,9819
121,2021,10252
121,2022,11523
121,2023,9063
121,2024,5368
121,2025,11000
121,2026,6468
122,1990,0
122,1991,0
122,1992,0
122,1993,0
122,1994,0
122,1995,0
122,1996,0
122,1997,0
122,1998,0
122,1999,0
122,2000,0
122,2001,0
122,2002,0
122,2003,0
122,2004,0
122,2005,0
122,2006,0
122,2007,0
122,2008,0
122,2009,0
122,2010,0
122,2011,0
122,2012,0
122,2013,0
122,2014,0
122,2015,0
122,2016,0
122,2017,0
122,2018,0
122,2019,0
122,2020,0
122,2021,0
122,2022,0
122,2023,0
122,2024,0
122,2025,0
122,2026,0
130,1990,0
130,1991,0
130,1992,0
130,1993,0
130,1994,0
130,1995,0
130,1996,0
130,1997,0
130,1998,0
130,1999,0
130,2000,0
130,2001,0
130,2002,9337
130,2003,15043
130,2004,14196
130,2005,13968
130,2006,13334
130,2007,13991
130,2008,13077
130,2009,13224
130,2010,12048
130,2011,12175
130,2012,12726
130,2013,12898
130,2014,12746
130,2015,12707
130,2016,12560
130,2017,12500
130,2018,12497
130,2019,12333
130,2020,7749
130,2021,10726
130,2022,11646
130,2023,12048
130,2024,12095
130,2025,12048
130,2026,7104
140,1990,0
140,1991,0
140,1992,0
140,1993,0
140,1994,0
140,1995,0
140,1996,0
140,1997,0
140,1998,3960
140,1999,4108
140,2000,17985
140,2001,17433
140,2002,17417
140,2003,17913
140,2004,19198
140,2005,19017
140,2006,18358
140,2007,18829
140,2008,20562
140,2009,19853
140,2010,18026
140,2011,19592
140,2012,21602
140,2013,21819
140,2014,23220
140,2015,23857
140,2016,24091
140,2017,23524
140,2018,24315
140,2019,24603
140,2020,19529
140,2021,22458
140,2022,24790
140,2023,24063
140,2024,21790
140,2025,21109
140,2026,12624
141,1990,0
141,1991,0
141,1992,0
141,1993,0
141,1994,0
141,1995,0
141,1996,0
141,1997,0
141,1998,3440
141,1999,3566
141,2000,14291
141,2001,14586
141,2002,15811
141,2003,16859
141,2004,17239
141,2005,17338
141,2006,16778
141,2007,16789
141,2008,16268
141,2009,16182
141,2010,14964
141,2011,18434
141,2012,21837
141,2013,20562
141,2014,23305
141,2015,23906
141,2016,24165
141,2017,23560
141,2018,24181
141,2019,24819
141,2020,19531
141,2021,22460
141,2022,24791
141,2023,23687
141,2024,21472
141,2025,20891
141,2026,12285
150,1990,0
150,1991,0
150,1992,0
150,1993,0
150,1994,0
150,1995,0
150,1996,0
150,1997,0
150,1998,3159
150,1999,2947
150,2000,13591
150,2001,13563
150,2002,13182
150,2003,13120
150,2004,13711
150,2005,13900
150,2006,13697
150,2007,14193
150,2008,13653
150,2009,13449
150,2010,12607
150,2011,13481
150,2012,14220
150,2013,14360
150,2014,14200
150,2015,14320
150,2016,14122
150,2017,13886
150,2018,13841
150,2019,13678
150,2020,11243
150,2021,12555
150,2022,14147
150,2023,14049
150,2024,14003
150,2025,13660
150,2026,8201
151,1990,0
151,1991,0
151,1992,0
151,1993,0
151,1994,0
151,1995,0
151,1996,0
151,1997,0
151,1998,3095
151,1999,2989
151,2000,13927
151,2001,15149
151,2002,14164
151,2003,13643
151,2004,14532
151,2005,14535
151,2006,17905
151,2007,18184
151,2008,18506
151,2009,17680
151,2010,17097
151,2011,18062
151,2012,18661
151,2013,18278
151,2014,17512
151,2015,16248
151,2016,14729
151,2017,14484
151,2018,13655
151,2019,13581
151,2020,10496
151,2021,10154
151,2022,15046
151,2023,14633
151,2024,14055
151,2025,14147
151,2026,8475
160,1990,0
160,1991,0
160,1992,0
160,1993,0
160,1994,0
160,1995,0
160,1996,0
160,1997,0
160,1998,4085
160,1999,4310
160,2000,18815
160,2001,18815
160,2002,19947
160,2003,21918
160,2004,22463
160,2005,22351
160,2006,21187
160,2007,23431
160,2008,24188
160,2009,24331
160,2010,23062
160,2011,24630
160,2012,25923
160,2013,26969
160,2014,28475
160,2015,28742
160,2016,30616
160,2017,32190
160,2018,30458
160,2019,23801
160,2020,20387
160,2021,23979
160,2022,23960
160,2023,23818
160,2024,21345
160,2025,21460
160,2026,12562
170,1990,0
170,1991,0
170,1992,0
170,1993,0
170,1994,0
170,1995,0
170,1996,0
170,1997,0
170,1998,3010
170,1999,2807
170,2000,12237
170,2001,14948
170,2002,11521
170,2003,12758
170,2004,13219
170,2005,12577
170,2006,12351
170,2007,13718
170,2008,15111
170,2009,14377
170,2010,14490
170,2011,14404
170,2012,15060
170,2013,15562
170,2014,15150
170,2015,14896
170,2016,14906
170,2017,14711
170,2018,15056
170,2019,15065
170,2020,12020
170,2021,11864
170,2022,13666
170,2023,13335
170,2024,12957
170,2025,11093
170,2026,0
172,1990,0
172,1991,0
172,1992,0
172,1993,0
172,1994,0
172,1995,0
172,1996,0
172,1997,0
172,1998,0
172,1999,0
172,2000,0
172,2001,0
172,2002,0
172,2003,0
172,2004,0
172,2005,0
172,2006,0
172,2007,0
172,2008,0
172,2009,0
172,2010,0
172,2011,0
172,2012,0
172,2013,0
172,2014,1298
172,2015,3138
172,2016,3118
172,2017,3053
172,2018,3090
172,2019,2824
172,2020,1747
172,2021,2678
172,2022,3065
172,2023,2996
172,2024,2986
172,2025,2981
172,2026,1747
180,1990,0
180,1991,0
180,1992,0
180,1993,0
180,1994,0
180,1995,0
180,1996,0
180,1997,0
180,1998,2103
180,1999,2686
180,2000,15832
180,2001,18648
180,2002,19458
180,2003,21683
180,2004,19526
180,2005,27101
180,2006,32329
180,2007,33374
180,2008,32801
180,2009,31114
180,2010,22906
180,2011,19761
180,2012,22205
180,2013,28304
180,2014,23174
180,2015,22929
180,2016,20951
180,2017,19011
180,2018,18880
180,2019,14369
180,2020,13182
180,2021,19288
180,2022,19683
180,2023,18760
180,2024,17357
180,2025,7760
180,2026,10800
181,1990,0
181,1991,0
181,1992,0
181,1993,0
181,1994,0
181,1995,0
181,1996,0
181,1997,0
181,1998,0
181,1999,0
181,2000,0
181,2001,0
181,2002,0
181,2003,0
181,2004,0
181,2005,0
181,2006,0
181,2007,0
181,2008,0
181,2009,0
181,2010,0
181,2011,0
181,2012,0
181,2013,0
181,2014,0
181,2015,0
181,2016,0
181,2017,0
181,2018,0
181,2019,5721
181,2020,13201
181,2021,19333
181,2022,19674
181,2023,18734
181,2024,17343
181,2025,7760
181,2026,10800
190,1990,0
190,1991,0
190,1992,0
190,1993,0
190,1994,0
190,1995,0
190,1996,0
190,1997,0
190,1998,5452
190,1999,5247
190,2000,22686
190,2001,22932
190,2002,22609
190,2003,22866
190,2004,23887
190,2005,23407
190,2006,23065
190,2007,22564
190,2008,23196
190,2009,22585
190,2010,21435
190,2011,22079
190,2012,23246
190,2013,23624
190,2014,22495
190,2015,22716
190,2016,23221
190,2017,22613
190,2018,23066
190,2019,23536
190,2020,18199
190,2021,20955
190,2022,23660
190,2023,23550
190,2024,23190
190,2025,22999
190,2026,13871
200,1990,0
200,1991,0
200,1992,0
200,1993,0
200,1994,0
200,1995,0
200,1996,0
200,1997,0
200,1998,2838
200,1999,2624
200,2000,5090
200,2001,5810
200,2002,6899
200,2003,6533
200,2004,5956
200,2005,5921
200,2006,5793
200,2007,5639
200,2008,6282
200,2009,6617
200,2010,6503
200,2011,6989
200,2012,8215
200,2013,9160
200,2014,7842
200,2015,7051
200,2016,8043
200,2017,7808
200,2018,8112
200,2019,8684
200,2020,5055
200,2021,5571
200,2022,4902
200,2023,5502
200,2024,5562
200,2025,5454
200,2026,3294
210,1990,0
210,1991,0
210,1992,0
210,1993,0
210,1994,0
210,1995,0
210,1996,0
210,1997,0
210,1998,3524
210,1999,3605
210,2000,15880
210,2001,17178
210,2002,16287
210,2003,15826
210,2004,16664
210,2005,16470
210,2006,16687
210,2007,17257
210,2008,16874
210,2009,16473
210,2010,14994
210,2011,15254
210,2012,16570
210,2013,16422
210,2014,15976
210,2015,16510
210,2016,17989
210,2017,18081
210,2018,16809
210,2019,15082
210,2020,11372
210,2021,13565
210,2022,13571
210,2023,13384
210,2024,13355
210,2025,14634
210,2026,9042
220,1990,0
220,1991,0
220,1992,0
220,1993,0
220,1994,0
220,1995,0
220,1996,0
220,1997,0
220,1998,3812
220,1999,3598
220,2000,15639
220,2001,15597
220,2002,14284
220,2003,13755
220,2004,13444
220,2005,13480
220,2006,13775
220,2007,14360
220,2008,13803
220,2009,12587
220,2010,11020
220,2011,11722
220,2012,12866
220,2013,13334
220,2014,14217
220,2015,14518
220,2016,14572
220,2017,14949
220,2018,15120
220,2019,15119
220,2020,12240
220,2021,13980
220,2022,15115
220,2023,14940
220,2024,14935
220,2025,15060
220,2026,8878
230,1990,0
230,1991,0
230,1992,0
230,1993,0
230,1994,0
230,1995,0
230,1996,0
230,1997,0
230,1998,1353
230,1999,2021
230,2000,8993
230,2001,10167
230,2002,8828
230,2003,12668
230,2004,13074
230,2005,13082
230,2006,13961
230,2007,13792
230,2008,15461
230,2009,16312
230,2010,16157
230,2011,16619
230,2012,17991
230,2013,19953
230,2014,19539
230,2015,19103
230,2016,19662
230,2017,20107
230,2018,20041
230,2019,11791
230,2020,12358
230,2021,16229
230,2022,16755
230,2023,16652
230,2024,16371
230,2025,15918
230,2026,10016
231,1990,0
231,1991,0
231,1992,0
231,1993,0
231,1994,0
231,1995,0
231,1996,0
231,1997,0
231,1998,0
231,1999,0
231,2000,0
231,2001,0
231,2002,1227
231,2003,2399
231,2004,2443
231,2005,2169
231,2006,1960
231,2007,1873
231,2008,2220
231,2009,2715
231,2010,3102
231,2011,1684
231,2012,3213
231,2013,3676
231,2014,3793
231,2015,3818
231,2016,3782
231,2017,3845
231,2018,3968
231,2019,1575
231,2020,0
231,2021,0
231,2022,0
231,2023,0
231,2024,0
231,2025,0
231,2026,0
240,1990,0
240,1991,0
240,1992,0
240,1993,0
240,1994,0
240,1995,0
240,1996,0
240,1997,0
240,1998,0
240,1999,0
240,2000,13677
240,2001,11879
240,2002,12235
240,2003,12618
240,2004,13283
240,2005,12537
240,2006,11886
240,2007,13140
240,2008,14299
240,2009,13186
240,2010,11549
240,2011,13097
240,2012,15519
240,2013,15301
240,2014,14768
240,2015,14080
240,2016,13984
240,2017,12553
240,2018,12598
240,2019,9150
240,2020,9973
240,2021,12042
240,2022,12800
240,2023,12698
240,2024,12596
240,2025,12217
240,2026,7086
250,1990,0
250,1991,0
250,1992,0
250,1993,0
250,1994,0
250,1995,0
250,1996,0
250,1997,0
250,1998,2929
250,1999,2895
250,2000,10444
250,2001,12597
250,2002,12615
250,2003,12501
250,2004,12763
250,2005,12463
250,2006,12292
250,2007,12113
250,2008,12182
250,2009,11881
250,2010,11282
250,2011,11901
250,2012,12394
250,2013,12445
250,2014,12256
250,2015,12209
250,2016,12368
250,2017,12215
250,2018,12271
250,2019,12481
250,2020,10354
250,2021,12023
250,2022,11972
250,2023,11857
250,2024,11654
250,2025,11939
250,2026,7013
252,1990,0
252,1991,0
252,1992,0
252,1993,0
252,1994,0
252,1995,0
252,1996,0
252,1997,0
252,1998,0
252,1999,0
252,2000,0
252,2001,0
252,2002,0
252,2003,0
252,2004,0
252,2005,0
252,2006,0
252,2007,0
252,2008,0
252,2009,0
252,2010,0
252,2011,0
252,2012,0
252,2013,0
252,2014,0
252,2015,0
252,2016,0
252,2017,0
252,2018,0
252,2019,0
252,2020,0
252,2021,0
252,2022,0
252,2023,6100
252,2024,9148
252,2025,8609
252,2026,5031
260,1990,0
260,1991,0
260,1992,0
260,1993,0
260,1994,0
260,1995,0
260,1996,0
260,1997,0
260,1998,4079
260,1999,3352
260,2000,15093
260,2001,15769
260,2002,15856
260,2003,15347
260,2004,15925
260,2005,15509
260,2006,15143
260,2007,14956
260,2008,15215
260,2009,15008
260,2010,14556
260,2011,15212
260,2012,15358
260,2013,15670
260,2014,15513
260,2015,15604
260,2016,15346
260,2017,15833
260,2018,15355
260,2019,14936
260,2020,12110
260,2021,14109
260,2022,14056
260,2023,14071
260,2024,13271
260,2025,12864
260,2026,7548
261,1990,0
261,1991,0
261,1992,0
261,1993,0
261,1994,0
261,1995,0
261,1996,0
261,1997,0
261,1998,2788
261,1999,2622
261,2000,11575
261,2001,12793
261,2002,11695
261,2003,13104
261,2004,14091
261,2005,12652
261,2006,11777
261,2007,12534
261,2008,12311
261,2009,12735
261,2010,12645
261,2011,13671
261,2012,14858
261,2013,15390
261,2014,14360
261,2015,14670
261,2016,14445
261,2017,15698
261,2018,15719
261,2019,13177
261,2020,9681
261,2021,13579
261,2022,15905
261,2023,15157
261,2024,13583
261,2025,16248
261,2026,8547
270,1990,0
270,1991,0
270,1992,0
270,1993,0
270,1994,0
270,1995,0
270,1996,0
270,1997,0
270,1998,2593
270,1999,0
270,2000,0
270,2001,0
270,2002,7094
270,2003,13662
270,2004,15051
270,2005,15348
270,2006,14715
270,2007,14801
270,2008,14223
270,2009,14104
270,2010,12704
270,2011,13898
270,2012,14781
270,2013,14173
270,2014,14006
270,2015,13893
270,2016,14073
270,2017,14008
270,2018,13887
270,2019,9684
270,2020,10125
270,2021,13746
270,2022,13553
270,2023,13517
270,2024,13582
270,2025,13478
270,2026,7985
280,1990,0
280,1991,0
280,1992,0
280,1993,0
280,1994,0
280,1995,0
280,1996,0
280,1997,0
280,1998,2209
280,1999,2135
280,2000,7806
280,2001,8746
280,2002,9425
280,2003,9103
280,2004,9368
280,2005,9481
280,2006,9084
280,2007,8449
280,2008,7037
280,2009,5764
280,2010,6866
280,2011,7744
280,2012,6579
280,2013,7207
280,2014,7781
280,2015,7706
280,2016,7984
280,2017,7001
280,2018,7110
280,2019,7291
280,2020,5580
280,2021,7558
280,2022,7779
280,2023,8261
280,2024,8300
280,2025,8316
280,2026,4851
281,1990,0
281,1991,0
281,1992,0
281,1993,0
281,1994,0
281,1995,0
281,1996,0
281,1997,0
281,1998,0
281,1999,0
281,2000,0
281,2001,0
281,2002,0
281,2003,0
281,2004,4430
281,2005,8023
281,2006,8288
281,2007,9330
281,2008,11043
281,2009,12350
281,2010,12294
281,2011,14132
281,2012,14998
281,2013,15549
281,2014,15551
281,2015,15460
281,2016,15609
281,2017,15334
281,2018,15117
281,2019,15120
281,2020,9897
281,2021,14504
281,2022,15060
281,2023,14646
281,2024,11962
281,2025,9243
281,2026,5771
301,1990,0
301,1991,0
301,1992,0
301,1993,0
301,1994,0
301,1995,0
301,1996,0
301,1997,0
301,1998,0
301,1999,0
301,2000,0
301,2001,0
301,2002,0
301,2003,0
301,2004,0
301,2005,0
301,2006,3
301,2007,2
301,2008,12557
301,2009,13982
301,2010,13406
301,2011,14224
301,2012,14918
301,2013,14821
301,2014,15420
301,2015,15782
301,2016,16118
301,2017,15893
301,2018,15888
301,2019,15407
301,2020,10501
301,2021,15173
301,2022,15443
301,2023,14782
301,2024,15412
301,2025,15372
301,2026,9028
302,1990,0
302,1991,0
302,1992,0
302,1993,0
302,1994,0
302,1995,0
302,1996,0
302,1997,0
302,1998,2139
302,1999,2531
302,2000,11324
302,2001,10685
302,2002,10958
302,2003,11059
302,2004,11211
302,2005,11223
302,2006,11120
302,2007,13638
302,2008,16712
302,2009,17902
302,2010,17279
302,2011,16913
302,2012,15713
302,2013,17892
302,2014,18037
302,2015,17937
302,2016,17231
302,2017,16998
302,2018,16496
302,2019,16088
302,2020,11807
302,2021,14339
302,2022,15297
302,2023,15065
302,2024,14615
302,2025,14140
302,2026,8140
306,1990,0
306,1991,0
306,1992,0
306,1993,0
306,1994,0
306,1995,0
306,1996,0
306,1997,0
306,1998,0
306,1999,0
306,2000,468
306,2001,6179
306,2002,10065
306,2003,8076
306,2004,11235
306,2005,12279
306,2006,12853
306,2007,11846
306,2008,10788
306,2009,11505
306,2010,10553
306,2011,13983
306,2012,15391
306,2013,15452
306,2014,15459
306,2015,15675
306,2016,15477
306,2017,15796
306,2018,16306
306,2019,15550
306,2020,11522
306,2021,16594
306,2022,15921
306,2023,15808
306,2024,16000
306,2025,15936
306,2026,9280
310,1990,0
310,1991,0
310,1992,0
310,1993,0
310,1994,0
310,1995,0
310,1996,0
310,1997,0
310,1998,2957
310,1999,2990
310,2000,10351
310,2001,10803
310,2002,9917
310,2003,10897
310,2004,11707
310,2005,12071
310,2006,12359
310,2007,12193
310,2008,12005
310,2009,12136
310,2010,12320
310,2011,13206
310,2012,14074
310,2013,14437
310,2014,13461
310,2015,13826
310,2016,15393
310,2017,18425
310,2018,17853
310,2019,18234
310,2020,8965
310,2021,8743
310,2022,9750
310,2023,8391
310,2024,8536
310,2025,9103
310,2026,5955
311,1990,0
311,1991,0
311,1992,0
311,1993,0
311,1994,0
311,1995,0
311,1996,0
311,1997,0
311,1998,1923
311,1999,1877
311,2000,8055
311,2001,9078
311,2002,9986
311,2003,10866
311,2004,11572
311,2005,11424
311,2006,12012
311,2007,11937
311,2008,12095
311,2009,12444
311,2010,11917
311,2011,14127
311,2012,14163
311,2013,14563
311,2014,16281
311,2015,16338
311,2016,15582
311,2017,16242
311,2018,14435
311,2019,14898
311,2020,8831
311,2021,14206
311,2022,17410
311,2023,15089
311,2024,12101
311,2025,9213
311,2026,1922
312,1990,0
312,1991,0
312,1992,0
312,1993,0
312,1994,0
312,1995,0
312,1996,0
312,1997,0
312,1998,1062
312,1999,1192
312,2000,5390
312,2001,5763
312,2002,4975
312,2003,4952
312,2004,5292
312,2005,5507
312,2006,5576
312,2007,5394
312,2008,5966
312,2009,5965
312,2010,7082
312,2011,10160
312,2012,10843
312,2013,10686
312,2014,10566
312,2015,10423
312,2016,9719
312,2017,11846
312,2018,12741
312,2019,14824
312,2020,7630
312,2021,9887
312,2022,11206
312,2023,9275
312,2024,8137
312,2025,7331
312,2026,2934
320,1990,0
320,1991,0
320,1992,0
320,1993,0
320,1994,0
320,1995,0
320,1996,0
320,1997,0
320,1998,2432
320,1999,2280
320,2000,10821
320,2001,10739
320,2002,4526
320,2003,0
320,2004,1
320,2005,2346
320,2006,3347
320,2007,3326
320,2008,2559
320,2009,2486
320,2010,6326
320,2011,7612
320,2012,8524
320,2013,8360
320,2014,8350
320,2015,8034
320,2016,8220
320,2017,7937
320,2018,7797
320,2019,7811
320,2020,5547
320,2021,7812
320,2022,7861
320,2023,8534
320,2024,8568
320,2025,8500
320,2026,5032
