destination_id,label,state,market,first_year,last_year,years_with_data,total_rows,gap_years
10,Aguascalientes: Centro Comercial Agropecuario de Aguascalientes,Aguascalientes,Centro Comercial Agropecuario de Aguascalientes,1998,2026,29,432262,
20,Baja California Sur: Unión de Comerciantes de La Paz,Baja California Sur,Unión de Comerciantes de La Paz,1998,2026,29,362209,
33,"Baja California : Central de Abasto INDIA, Tijuana",Baja California,"Central de Abasto INDIA, Tijuana",2002,2026,25,412847,
40,"Campeche: Mercado ""Pedro Sáinz de Baranda"", Campeche",Campeche,"Mercado ""Pedro Sáinz de Baranda"", Campeche",1998,2026,29,339599,
50,"Coahuila: Central de Abasto de La Laguna, Torreón",Coahuila,"Central de Abasto de La Laguna, Torreón",1998,2026,29,406789,
61,Chihuahua: Central de Abasto de Chihuahua,Chihuahua,Central de Abasto de Chihuahua,2003,2026,24,160857,
63,Chihuahua: Mercado de Abasto de Cd. Juárez,Chihuahua,Mercado de Abasto de Cd. Juárez,2003,2026,24,173639,
70,Chiapas: Central de Abasto de Tuxtla Gutiérrez,Chiapas,Central de Abasto de Tuxtla Gutiérrez,1998,2026,29,308696,
71,Chiapas: Tapachula,Chiapas,Tapachula,,,0,0,
80,Colima: Centros de distribución de Colima,Colima,Centros de distribución de Colima,1998,2026,29,127313,
100,DF: Central de Abasto de Iztapalapa DF,Distrito Federal,Central de Abasto de Iztapalapa DF,1998,2026,29,472509,
101,Durango: Centro de Distribución y Abasto de Gómez Palacio,Durango,Centro de Distribución y Abasto de Gómez Palacio,1998,2026,29,375537,
102,"Durango: Central de Abasto ""Francisco Villa""",Durango,"Central de Abasto ""Francisco Villa""",2000,2022,23,477273,
110,Guanajuato: Central de Abasto de León,Guanajuato,Central de Abasto de León,1998,2026,29,344466,
111,Guanajuato: Módulo de Abasto Irapuato,Guanajuato,Módulo de Abasto Irapuato,1998,2017,20,218126,
112,"Guanajuato: Mercado de Abasto de Celaya (""Benito Juárez"")",Guanajuato,"Mercado de Abasto de Celaya (""Benito Juárez"")",2007,2017,11,132584,
121,Guerrero: Central de Abastos de Acapulco,Guerrero,Central de Abastos de Acapulco,2000,2026,27,236552,
122,Guerrero: Chilpancingo de los Bravo,Guerrero,Chilpancingo de los Bravo,,,0,0,
130,Hidalgo: Central de Abasto de Pachuca,Hidalgo,Central de Abasto de Pachuca,2002,2026,25,304776,
140,Jalisco: Mercado de Abasto de Guadalajara,Jalisco,Mercado de Abasto de Guadalajara,1998,2026,29,565645,
141,Jalisco: Mercado Felipe Ángeles de Guadalajara,Jalisco,Mercado Felipe Ángeles de Guadalajara,1998,2026,29,533997,
150,México: Central de Abasto de Toluca,México,Central de Abasto de Toluca,1998,2026,29,368738,
151,México: Central de Abasto de Ecatepec,México,Central de Abasto de Ecatepec,1998,2026,29,413622,
160,Michoacán: Mercado de Abasto de Morelia,Michoacán,Mercado de Abasto de Morelia,1998,2026,29,648218,
170,Morelos: Central de Abasto de Cuautla,Morelos,Central de Abasto de Cuautla,1998,2025,28,362869,
172,"Morelos: Mercado ""Adolfo López Mateos"" de Cuernavaca",Morelos,"Mercado ""Adolfo López Mateos"" de Cuernavaca",2014,2026,13,34721,
180,Nayarit: Mercado de abasto 'Adolfo López Mateos' de Tepic,Nayarit,Mercado de abasto 'Adolfo López Mateos' de Tepic,1998,2026,29,575975,
181,Nayarit: Nayarabastos de Tepic,Nayarit,Nayarabastos de Tepic,2019,2026,8,112566,
190,"Nuevo León: Mercado de Abasto ""Estrella"" de San Nicolás de los Garza",Nuevo León,"Mercado de Abasto ""Estrella"" de San Nicolás de los Garza",1998,2026,29,614951,
200,Oaxaca: Módulo de Abasto de Oaxaca,Oaxaca,Módulo de Abasto de Oaxaca,1998,2026,29,179749,
210,Puebla: Central de Abasto de Puebla,Puebla,Central de Abasto de Puebla,1998,2026,29,425335,
220,Querétaro: Mercado de Abasto de Querétaro,Querétaro,Mercado de Abasto de Querétaro,1998,2026,29,380719,
230,"Quintana Roo: Mercado de Chetumal, Quintana Roo",Quintana Roo,"Mercado de Chetumal, Quintana Roo",1998,2026,29,414974,
231,Quintana Roo: Módulo de Abasto Cancún,Quintana Roo,Módulo de Abasto Cancún,2002,2019,18,49462,
240,San Luis Potosí: Centro de Abasto de San Luis Potosí,San Luis Potosí,Centro de Abasto de San Luis Potosí,2000,2026,27,340751,
250,Sinaloa: Central de Abasto de Culiacán,Sinaloa,Central de Abasto de Culiacán,1998,2026,29,326309,
252,Sinaloa: Zona de Abasto de Mazatlán,Sinaloa,Zona de Abasto de Mazatlán,2023,2026,4,28888,
260,"Sonora: Mercado de Abasto ""Francisco I. Madero"" de Hermosillo",Sonora,"Mercado de Abasto ""Francisco I. Madero"" de Hermosillo",1998,2026,29,402664,
261,Sonora: Central de Abasto de Cd. Obregón,Sonora,Central de Abasto de Cd. Obregón,1998,2026,29,368010,
270,Tabasco: Central de Abasto de Villahermosa,Tabasco,Central de Abasto de Villahermosa,1998,2026,26,332684,1999 2000 2001
280,"Tamaulipas: Módulo de Abasto de Tampico, Madero y Altamira",Tamaulipas,"Módulo de Abasto de Tampico, Madero y Altamira",1998,2026,29,212521,
281,Tamaulipas: Módulo de Abasto de Reynosa,Tamaulipas,Módulo de Abasto de Reynosa,2004,2026,23,283711,
301,Veracruz: Central de Abasto de Jalapa,Veracruz,Central de Abasto de Jalapa,2006,2026,21,274132,
302,Veracruz: Central de Abasto de Minatitlán,Veracruz,Central de Abasto de Minatitlán,1998,2026,29,394489,
306,Veracruz: Mercado Malibrán,Veracruz,Mercado Malibrán,2000,2026,27,345997,
310,Yucatán: Central de Abasto de Mérida,Yucatán,Central de Abasto de Mérida,1998,2026,29,331058,
311,Yucatán: Centro Mayorista Oxkutzcab,Yucatán,Centro Mayorista Oxkutzcab,1998,2026,29,340587,
312,"Yucatán: Mercado ""Casa del Pueblo""",Yucatán,"Mercado ""Casa del Pueblo""",1998,2026,29,222324,
320,Zacatecas: Mercado de Abasto de Zacatecas,Zacatecas,Mercado de Abasto de Zacatecas,1998,2026,28,175688,2003
