product_id,label,name,quality
31,Acelga - Primera,Acelga,Primera
130,Aguacate Criollo - Primera,Aguacate Criollo,Primera
131,Aguacate Fuerte - Primera,Aguacate Fuerte,Primera
133,Aguacate Hass - Primera,Aguacate Hass,Primera
135,Aguacate Hass adelantado - Primera,Aguacate Hass adelantado,Primera
136,Aguacate Hass - Calidad extra,Aguacate Hass,Calidad extra
137,Aguacate Hass - Calidad super extra,Aguacate Hass,Calidad super extra
138,Aguacate Hass flor vieja - Primera,Aguacate Hass flor vieja,Primera
139,Aguacate Pagua - Primera,Aguacate Pagua,Primera
142,Ajo Blanco - Primera,Ajo Blanco,Primera
144,Ajo Blanco # 8 - Primera,Ajo Blanco # 8,Primera
146,Ajo Morado - Primera,Ajo Morado,Primera
152,Apio - Primera,Apio,Primera
157,Berenjena - Primera,Berenjena,Primera
160,Betabel - Primera,Betabel,Primera
162,Brócoli - Primera,Brócoli,Primera
166,Calabacita Criolla - Primera,Calabacita Criolla,Primera
169,Calabaza de castilla - Primera,Calabaza de castilla,Primera
170,Calabacita Italiana - Primera,Calabacita Italiana,Primera
175,Camote - Primera,Camote,Primera
178,Caña - Primera,Caña,Primera
180,Calabacita regional - Primera,Calabacita regional,Primera
181,Cacahuate - Primera,Cacahuate,Primera
182,Cebolla Bola grande - Primera,Cebolla Bola grande,Primera
183,Cebolla Bola - Primera,Cebolla Bola,Primera
187,Cebolla Morada - Primera,Cebolla Morada,Primera
190,Cebolla de rabo - Primera,Cebolla de rabo,Primera
196,Ciruela Amarilla - Primera,Ciruela Amarilla,Primera
197,Ciruela Claudia - Primera,Ciruela Claudia,Primera
198,Ciruela huesuda Amarilla - Primera,Ciruela huesuda Amarilla,Primera
199,Ciruela huesuda Roja - Primera,Ciruela huesuda Roja,Primera
200,Ciruela Moscatel - Primera,Ciruela Moscatel,Primera
201,Ciruela Negra - Primera,Ciruela Negra,Primera
203,Ciruela pasa - Primera,Ciruela pasa,Primera
207,Ciruela Roja - Primera,Ciruela Roja,Primera
208,Cilantro - Primera,Cilantro,Primera
213,Chile de Árbol fresco - Primera,Chile de Árbol fresco,Primera
215,Chile Anaheim - Primera,Chile Anaheim,Primera
216,Chile ancho - Primera,Chile ancho,Primera
217,Chile de Árbol seco - Primera,Chile de Árbol seco,Primera
220,Chile Cat - Primera,Chile Cat,Primera
221,Chile California - Primera,Chile California,Primera
222,Chile Caloro - Primera,Chile Caloro,Primera
223,Chile Caribe - Primera,Chile Caribe,Primera
225,Chile Chilaca - Primera,Chile Chilaca,Primera
227,Chile Dulce - Primera,Chile Dulce,Primera
228,Chile Guajillo - Primera,Chile Guajillo,Primera
230,Chile Habanero - Primera,Chile Habanero,Primera
232,Chile Húngaro - Primera,Chile Húngaro,Primera
233,Chile Jalapeño - Primera,Chile Jalapeño,Primera
236,Chile Mirasol - Primera,Chile Mirasol,Primera
237,Chile Pasilla - Primera,Chile Pasilla,Primera
238,Chile Puya fresco - Primera,Chile Puya fresco,Primera
239,Chile Pimiento morrón - Primera,Chile Pimiento morrón,Primera
242,Chile Poblano - Primera,Chile Poblano,Primera
245,Chile Puya seco - Primera,Chile Puya seco,Primera
246,Chile Serrano - Primera,Chile Serrano,Primera
250,Coco - Primera,Coco,Primera
253,Col grande - Primera,Col grande,Primera
257,Col mediana - Primera,Col mediana,Primera
260,Coliflor sin clasificación - Primera,Coliflor sin clasificación,Primera
261,Coliflor mediana - Primera,Coliflor mediana,Primera
263,Coliflor grande - Primera,Coliflor grande,Primera
265,Col sin clasificación - Primera,Col sin clasificación,Primera
270,Champiñón - Primera,Champiñón,Primera
272,Chayote sin espinas - Primera,Chayote sin espinas,Primera
275,Chayote - Primera,Chayote,Primera
279,Chícharo arrugado - Primera,Chícharo arrugado,Primera
285,Chícharo - Primera,Chícharo,Primera
290,Durazno Amarillo - Primera,Durazno Amarillo,Primera
294,Durazno Melocotón - Primera,Durazno Melocotón,Primera
297,Durazno Prisco - Primera,Durazno Prisco,Primera
299,Ejote largo - Primera,Ejote largo,Primera
302,Ejote - Primera,Ejote,Primera
304,Ejote redondo - Primera,Ejote redondo,Primera
306,Elote grande - Primera,Elote grande,Primera
307,Elote mediano - Primera,Elote mediano,Primera
308,Elote - Primera,Elote,Primera
312,Epazote - Primera,Epazote,Primera
314,Espárrago - Primera,Espárrago,Primera
316,Espinaca - Primera,Espinaca,Primera
356,Fresa Chandler - Primera,Fresa Chandler,Primera
358,Fresa - Primera,Fresa,Primera
372,Granada China - Primera,Granada China,Primera
373,Granada Roja - Primera,Granada Roja,Primera
374,Guanabana - Primera,Guanabana,Primera
378,Guayaba - Primera,Guayaba,Primera
385,Haba verde - Primera,Haba verde,Primera
389,Jamaica - Primera,Jamaica,Primera
392,Jícama - Primera,Jícama,Primera
396,Jícama mediana - Primera,Jícama mediana,Primera
397,Jícama piñatera - Primera,Jícama piñatera,Primera
399,Kiwi - Primera,Kiwi,Primera
401,Lechuga Orejona grande - Primera,Lechuga Orejona grande,Primera
403,Lechuga Orejona sin clasificación - Primera,Lechuga Orejona sin clasificación,Primera
405,Lechuga Romanita grande - Primera,Lechuga Romanita grande,Primera
407,Lechuga Romanita mediana - Primera,Lechuga Romanita mediana,Primera
409,Lechuga Romanita sin clasificación - Primera,Lechuga Romanita sin clasificación,Primera
413,Lima - Primera,Lima,Primera
417,Limón c/semilla # 2 - Primera,Limón c/semilla # 2,Primera
418,Limón c/semilla # 3 - Primera,Limón c/semilla # 3,Primera
419,Limón c/semilla # 4 - Primera,Limón c/semilla # 4,Primera
421,Limón c/semilla # 5 - Primera,Limón c/semilla # 5,Primera
423,Limón c/semilla sin clasificación - Primera,Limón c/semilla sin clasificación,Primera
426,Limón s/semilla - Primera,Limón s/semilla,Primera
429,Mamey - Primera,Mamey,Primera
447,Mandarina Mónica - Primera,Mandarina Mónica,Primera
451,Mandarina - Primera,Mandarina,Primera
455,Mandarina Reyna - Primera,Mandarina Reyna,Primera
459,Mandarina Tangerina - Primera,Mandarina Tangerina,Primera
465,Mango Ataulfo - Primera,Mango Ataulfo,Primera
469,Mango Criollo - Primera,Mango Criollo,Primera
473,Mango Haden - Primera,Mango Haden,Primera
479,Mango Kent - Primera,Mango Kent,Primera
480,Mango Manila - Primera,Mango Manila,Primera
485,Mango Manililla - Primera,Mango Manililla,Primera
489,Mango Oro - Primera,Mango Oro,Primera
494,Mango Tommy - Primera,Mango Tommy,Primera
499,Melón Cantaloupe # 9 - Primera,Melón Cantaloupe # 9,Primera
500,Melón Cantaloupe # 12 - Primera,Melón Cantaloupe # 12,Primera
501,Melon Cantaloupe # 14 - Primera,Melon Cantaloupe # 14,Primera
502,Melón Cantaloupe # 15 - Primera,Melón Cantaloupe # 15,Primera
503,Melón Cantaloupe # 16 - Primera,Melón Cantaloupe # 16,Primera
505,Melón Cantaloupe # 18 - Primera,Melón Cantaloupe # 18,Primera
506,Melón Cantaloupe # 22 - Primera,Melón Cantaloupe # 22,Primera
507,Melón Cantaloupe # 23 - Primera,Melón Cantaloupe # 23,Primera
508,Melón Cantaloupe # 27 - Primera,Melón Cantaloupe # 27,Primera
510,Melon Cantaloupe # 36 - Primera,Melon Cantaloupe # 36,Primera
512,Melón Cantaloupe # 45 - Primera,Melón Cantaloupe # 45,Primera
513,Melón Cantaloupe # 48 - Primera,Melón Cantaloupe # 48,Primera
516,Melón Cantaloupe sin clasificación - Primera,Melón Cantaloupe sin clasificación,Primera
519,Manzana Golden Delicious - Primera,Manzana Golden Delicious,Primera
522,Manzana Red Delicious - Primera,Manzana Red Delicious,Primera
526,Manzana Starking - Primera,Manzana Starking,Primera
529,Membrillo - Primera,Membrillo,Primera
534,Naranja Agria - Primera,Naranja Agria,Primera
536,Naranja March chica - Primera,Naranja March chica,Primera
537,Naranja March grande - Primera,Naranja March grande,Primera
538,Naranja March mediana - Primera,Naranja March mediana,Primera
539,Nanche - Primera,Nanche,Primera
546,Naranja Valencia chica - Primera,Naranja Valencia chica,Primera
549,Naranja Valencia grande - Primera,Naranja Valencia grande,Primera
551,Naranja Valencia mediana - Primera,Naranja Valencia mediana,Primera
554,Nectarina - Primera,Nectarina,Primera
556,Nopal grande - Primera,Nopal grande,Primera
560,Nopal - Primera,Nopal,Primera
563,Nuez cáscara de papel - Primera,Nuez cáscara de papel,Primera
565,Nuez - Primera,Nuez,Primera
566,Nuez - Western - Primera,Nuez - Western,Primera
567,Nuez Wichita - Primera,Nuez Wichita,Primera
607,Orégano - Primera,Orégano,Primera
609,Papaya Maradol - Primera,Papaya Maradol,Primera
620,Papaya Amarilla - Primera,Papaya Amarilla,Primera
623,Papaya Roja - Primera,Papaya Roja,Primera
626,Pera Bosco - Primera,Pera Bosco,Primera
630,Pera Ángel - Primera,Pera Ángel,Primera
632,Pera Bartlett # 135 - Primera,Pera Bartlett # 135,Primera
634,Pera D´anjou # 100 - Primera,Pera D´anjou # 100,Primera
635,Perejil - Primera,Perejil,Primera
638,Pera Lechera - Primera,Pera Lechera,Primera
639,Pera Mantequilla - Primera,Pera Mantequilla,Primera
640,Pera Paraíso - Primera,Pera Paraíso,Primera
645,Pera Asiática - Primera,Pera Asiática,Primera
646,Piña chica - Primera,Piña chica,Primera
648,Piña grande - Primera,Piña grande,Primera
651,Piña mediana - Primera,Piña mediana,Primera
655,Pistache - Primera,Pistache,Primera
663,Plátano Chiapas - Primera,Plátano Chiapas,Primera
665,Plátano Chiapas calidad exportación - Primera,Plátano Chiapas calidad exportación,Primera
666,Plátano Dominico - Primera,Plátano Dominico,Primera
670,Plátano Enano-Gigante - Primera,Plátano Enano-Gigante,Primera
723,Plátano Macho - Primera,Plátano Macho,Primera
727,Plátano Morado - Primera,Plátano Morado,Primera
728,Plátano Manzano - Primera,Plátano Manzano,Primera
731,Plátano Pera - Primera,Plátano Pera,Primera
732,Plátano Tabasco - Primera,Plátano Tabasco,Primera
736,Plátano Veracruz - Primera,Plátano Veracruz,Primera
740,Papa Alpha - Primera,Papa Alpha,Primera
748,Papa Galeana - Primera,Papa Galeana,Primera
749,Papa Gema - Primera,Papa Gema,Primera
753,Papa Marciana - Primera,Papa Marciana,Primera
766,Papa Rouset - Primera,Papa Rouset,Primera
767,Papa San José - Primera,Papa San José,Primera
771,Pepino - Primera,Pepino,Primera
774,Pitaya - Primera,Pitaya,Primera
775,Rábano - Primera,Rábano,Primera
783,Sandía Blanca - Primera,Sandía Blanca,Primera
785,Sandía Charleston - Primera,Sandía Charleston,Primera
787,Sandía Sangría - Primera,Sandía Sangría,Primera
791,Sandía Jubilee - Primera,Sandía Jubilee,Primera
795,Sandía Negra - Primera,Sandía Negra,Primera
796,Sandía Peacock - Primera,Sandía Peacock,Primera
799,Sandía Rayada - Primera,Sandía Rayada,Primera
800,Tamarindo - Primera,Tamarindo,Primera
804,Tejocote - Primera,Tejocote,Primera
811,Toronja Blanca - Primera,Toronja Blanca,Primera
823,Toronja Roja mediana - Primera,Toronja Roja mediana,Primera
824,Toronja Roja - Primera,Toronja Roja,Primera
832,Toronja Rosada - Primera,Toronja Rosada,Primera
836,Tomate Bola - Primera,Tomate Bola,Primera
839,Tomate Saladette - Primera,Tomate Saladette,Primera
842,Tomate Verde - Primera,Tomate Verde,Primera
845,Tuna Blanca - Primera,Tuna Blanca,Primera
848,Tuna - Primera,Tuna,Primera
851,Uva Blanca - Primera,Uva Blanca,Primera
852,Uva Cardenal - Primera,Uva Cardenal,Primera
854,Uva Calmeria - Primera,Uva Calmeria,Primera
857,Uva Flame - Primera,Uva Flame,Primera
858,Uva Globo - Primera,Uva Globo,Primera
861,Uva Moscatel - Primera,Uva Moscatel,Primera
862,Uva pasa - Primera,Uva pasa,Primera
863,Uva Perlette - Primera,Uva Perlette,Primera
866,Uva Queen - Primera,Uva Queen,Primera
869,Uva sin semilla - Primera,Uva sin semilla,Primera
871,Uva Superior - Primera,Uva Superior,Primera
872,Uva Thompson - Primera,Uva Thompson,Primera
876,Yerbabuena - Primera,Yerbabuena,Primera
878,Zanahoria leña - Primera,Zanahoria leña,Primera
880,Zanahoria mediana - Primera,Zanahoria mediana,Primera
884,Zanahoria polvo - Primera,Zanahoria polvo,Primera
888,Zapote - Primera,Zapote,Primera
891,Zarzamora - Primera,Zarzamora,Primera
